{
  "analysisResult": {
    "replySuggestion": [
      "回复建议",
      "建议回复",
      "话术建议",
      "具体的回复建议",
      "建议的回复内容",
      "回复内容",
      "推荐回复",
      "建议",
      "回复",
      "recommended_response",
      "reply",
      "response",
      "answer",
      "suggested_reply",
      "suggestion",
      "建议文本",
      "回复文本",
      "推荐话术",
      "建议话术",
      "最佳回复",
      "回复方案",
      "回复策略",
      "response_text",
      "reply_text",
      "suggested_response",
      "recommended_reply",
      "best_response",
      "optimal_reply"
    ],
    "strategyAnalysis": [
      "策略分析",
      "心理分析",
      "军师分析",
      "对方当前的情绪和潜在意图",
      "对方当前情绪和潜在意图",
      "情绪和潜在意图",
      "关键洞察",
      "策略建议",
      "分析",
      "分析结果",
      "strategy",
      "analysis",
      "心理状态分析",
      "情绪分析",
      "局势分析",
      "情况分析",
      "沟通策略",
      "沟通建议",
      "情绪判断",
      "心理状态",
      "对方心理",
      "沟通分析",
      "互动分析",
      "relationship_analysis",
      "communication_analysis",
      "emotional_analysis",
      "situational_analysis",
      "interaction_strategy"
    ],
    "riskLevel": [
      "风险等级",
      "风险级别",
      "可能存在的风险点",
      "风险",
      "risk_level",
      "warning_level",
      "danger_level",
      "安全等级",
      "威胁等级",
      "风险程度",
      "危险程度",
      "安全程度",
      "风险评估",
      "风险评级",
      "危险评级",
      "安全评级",
      "risk_assessment",
      "danger_assessment",
      "safety_assessment",
      "threat_level",
      "hazard_level"
    ]
  },
  "analysisNestedFields": {
    "emotion": ["emotion", "emotional_state", "情绪", "对方情绪", "情绪状态", "心理状态", "情绪表现", "情感状态", "feeling", "mood", "sentiment"],
    "intention": ["intention", "potential_intent", "意图", "潜在意图", "对方意图", "目的", "动机", "目标", "purpose", "motive", "objective"],
    "risk": ["risk", "risks", "风险", "风险点", "风险提示", "危险点", "潜在风险", "风险因素", "danger_points", "risk_factors", "potential_dangers"]
  },
  "emotionFields": [
    "对方情绪",
    "情绪",
    "情绪状态",
    "当前情绪",
    "emotional_state",
    "emotion",
    "心理状态",
    "情绪表现",
    "情感状态",
    "feeling",
    "mood",
    "sentiment",
    "情绪反应",
    "情感反应"
  ],
  "intentFields": [
    "潜在意图",
    "意图",
    "目的",
    "对方意图",
    "potential_intent",
    "intent",
    "动机",
    "目标",
    "purpose",
    "motive",
    "objective",
    "真实意图",
    "深层意图"
  ],
  "riskFields": [
    "风险点",
    "风险提示",
    "风险分析",
    "risk_points",
    "risks",
    "危险点",
    "潜在风险",
    "风险因素",
    "danger_points",
    "risk_factors",
    "potential_dangers",
    "威胁点",
    "潜在威胁"
  ],
  "safetyCheckResult": {
    "isSafe": [
      "是否安全",
      "安全",
      "safe",
      "安全性",
      "安全状态",
      "安全检查",
      "安全评估",
      "safety_status",
      "safety_check",
      "safety_assessment",
      "secure",
      "安全性评估"
    ],
    "triggeredRisks": [
      "触发的风险",
      "风险列表",
      "触发风险",
      "triggered_risks",
      "触发雷区",
      "雷区列表",
      "触发的问题",
      "问题列表",
      "触发警告",
      "警告列表",
      "triggered_warnings",
      "warning_list",
      "triggered_issues",
      "issue_list",
      "activated_risks",
      "risk_triggers"
    ],
    "suggestion": [
      "建议",
      "修改建议",
      "修正建议",
      "suggestions",
      "改进建议",
      "优化建议",
      "调整建议",
      "完善建议",
      "recommendation",
      "recommendations",
      "improvement_suggestion",
      "modification_suggestion",
      "adjustment_suggestion"
    ]
  },
  "extractedData": {
    "facts": [
      "事实",
      "事实信息",
      "基本信息",
      "信息",
      "关键信息",
      "重要信息",
      "个人信息",
      "背景信息",
      "profile_info",
      "personal_info",
      "background_info",
      "key_information",
      "important_info",
      "详细信息",
      "具体信息",
      "基础资料",
      "个人资料"
    ],
    "redTags": [
      "红色标签",
      "雷区",
      "风险标签",
      "red_tags",
      "警告标签",
      "危险标签",
      "禁忌",
      "禁忌话题",
      "敏感话题",
      "避免话题",
      "warning_tags",
      "danger_tags",
      "taboo_topics",
      "sensitive_topics",
      "avoid_topics",
      "禁止话题",
      "风险点",
      "注意事项"
    ],
    "greenTags": [
      "绿色标签",
      "策略",
      "策略标签",
      "green_tags",
      "推荐策略",
      "建议策略",
      "沟通策略",
      "互动策略",
      "推荐话题",
      "建议话题",
      "安全话题",
      "recommended_strategies",
      "suggested_strategies",
      "communication_strategies",
      "interaction_strategies",
      "recommended_topics",
      "suggested_topics",
      "safe_topics",
      "积极话题",
      "正面话题"
    ]
  },
  "fuzzyMatchingThreshold": 0.8,
  "enableFuzzyMatching": true,
  "commonFieldVariations": {
    "reply": ["reply", "response", "answer", "suggestion", "recommendation"],
    "analysis": ["analysis", "assessment", "evaluation", "review"],
    "risk": ["risk", "danger", "threat", "hazard", "warning"],
    "safe": ["safe", "secure", "safety", "protected"],
    "strategy": ["strategy", "tactic", "approach", "method"],
    "emotion": ["emotion", "feeling", "sentiment", "mood"],
    "intent": ["intent", "intention", "purpose", "objective", "goal"]
  }
}
